{"cameraMode":{"drawMode":0,"name":"Shaded","section":"Shading Mode"},"sceneLighting":true,"audioPlay":false,"sceneViewState":{"showFog":true,"showMaterialUpdate":false,"showSkybox":true,"showFlares":true,"showImageEffects":true,"showParticleSystems":true},"in2DMode":false,"pivot":{"x":2.5412158966064455,"y":-3.8141379356384279,"z":1.2930078506469727},"rotation":{"x":0.36405980587005618,"y":-0.03491465747356415,"z":0.013658641837537289,"w":0.9306210279464722},"size":5.035683631896973,"orthographic":false}