{"cameraMode":{"drawMode":0,"name":"Shaded","section":"Shading Mode"},"sceneLighting":true,"audioPlay":false,"sceneViewState":{"showFog":true,"showMaterialUpdate":false,"showSkybox":true,"showFlares":true,"showImageEffects":true,"showParticleSystems":true},"in2DMode":false,"pivot":{"x":2.5643529891967775,"y":-1.4259235858917237,"z":-1.233117699623108},"rotation":{"x":0.2698995769023895,"y":-0.23390740156173707,"z":0.0677679032087326,"w":0.9315845370292664},"size":1.6492913961410523,"orthographic":true}